-- Insert stations
Insert into stations (stationid, stationname, [location], stationtype, latitude, longitude) Values
	(1, 'Dhaka Central Station', 'Dhaka, Bangladesh', 'Main', 23.8103, 90.4125),
	(2, 'Chittagong Station', 'Chittagong, Bangladesh', 'Secondary', 22.3569, 91.7832),
	(3, 'Rajshahi Station', 'Rajshahi, Bangladesh', 'Main', 24.3630, 88.6080),
	(4, 'Khulna Station', 'Khulna, Bangladesh', 'Secondary', 22.8456, 89.5403),
	(5, 'Sylhet Station', 'Sylhet, Bangladesh', 'Secondary', 24.8949, 91.8687),
	(6, 'Barisal Station', 'Barisal, Bangladesh', 'Secondary', 22.7014, 90.3544),
	(7, 'Comilla Station', 'Comilla, Bangladesh', 'Tertiary', 23.4623, 91.1789),
	(8, 'Mymensingh Station', 'Mymensingh, Bangladesh', 'Tertiary', 24.7470, 90.4130),
	(9, 'Rajbari Station', 'Rajbari, Bangladesh', 'Tertiary', 23.7756, 89.3206),
	(10, 'Narayanganj Station', 'Narayanganj, Bangladesh', 'Secondary', 23.6347, 90.5017),
	(11, 'Narsingdi Station', 'Narsingdi, Bangladesh', 'Tertiary', 23.9246, 90.7162),
	(12, 'Jessore Station', 'Jessore, Bangladesh', 'Tertiary', 23.1641, 89.2200),
	(13, 'Feni Station', 'Feni, Bangladesh', 'Tertiary', 23.0153, 91.4020),
	(14, 'Dinajpur Station', 'Dinajpur, Bangladesh', 'Tertiary', 25.6285, 88.6358),
	(15, 'Tangail Station', 'Tangail, Bangladesh', 'Tertiary', 24.2509, 89.9452),
	(16, 'Bogra Station', 'Bogra, Bangladesh', 'Tertiary', 24.8477, 89.3701),
	(17, 'Pabna Station', 'Pabna, Bangladesh', 'Tertiary', 23.9982, 89.2322),
	(18, 'Naogaon Station', 'Naogaon, Bangladesh', 'Tertiary', 24.7403, 88.9134),
	(19, 'Thakurgaon Station', 'Thakurgaon, Bangladesh', 'Tertiary', 26.0363, 88.4695),
	(20, 'Shariatpur Station', 'Shariatpur, Bangladesh', 'Tertiary', 23.6080, 90.5723);



-- Insert trains
Insert into trains (trainid, trainmodel, capacity, [status]) 
Values
(1, 'Bangladesh Express', 500, 'Operational'),
(2, 'Dhaka Mail', 300, 'Under Maintenance'),
(3, 1, '2024-11-30 09:00:00', 1, 3, 'On Time'),
(4, 2, '2024-12-01 10:30:00', 3, 4, 'Delayed'),
(5, 3, '2024-12-02 11:00:00', 2, 1, 'Cancelled'),
(6, 4, '2024-12-03 13:30:00', 4, 5, 'On Time'),
(7, 5, '2024-12-04 15:00:00', 5, 6, 'On Time'),
(8, 6, '2024-12-05 16:30:00', 6, 7, 'Delayed'),
(9, 7, '2024-12-06 17:00:00', 7, 8, 'On Time'),
(10, 8, '2024-12-07 18:30:00', 8, 9, 'On Time'),
(11, 9, '2024-12-08 19:00:00', 9, 10, 'Cancelled'),
(12, 10, '2024-12-09 20:30:00', 10, 11, 'Delayed'),
(13, 1, '2024-12-10 21:00:00', 11, 12, 'On Time'),
(14, 2, '2024-12-11 22:30:00', 12, 13, 'On Time'),
(15, 3, '2024-12-12 23:00:00', 13, 14, 'Delayed'),
(16, 4, '2024-12-13 00:30:00', 14, 15, 'Cancelled'),
(17, 5, '2024-12-14 02:00:00', 15, 16, 'On Time'),
(18, 6, '2024-12-15 03:30:00', 16, 17, 'Delayed'),
(19, 7, '2024-12-16 04:00:00', 17, 18, 'On Time'),
(20, 8, '2024-12-17 05:30:00', 18, 19, 'On Time');


-- Insert schedules
Insert into schedules (scheduleid, trainid, stationid, departuretime, arrivaltime, [dayofweek]) 
Values 
(1, 1, 1, '2024-11-28 08:00:00', '2024-11-28 12:00:00', 'Monday'),
(2, 2, 2, '2024-11-29 14:00:00', '2024-11-29 18:00:00', 'Friday'),
(3, 3, 3, '2024-11-30 09:00:00', '2024-11-30 13:00:00', 'Tuesday'),
(4, 4, 4, '2024-12-01 10:30:00', '2024-12-01 14:30:00', 'Wednesday'),
(5, 5, 5, '2024-12-02 11:00:00', '2024-12-02 15:00:00', 'Thursday'),
(6, 6, 6, '2024-12-03 12:30:00', '2024-12-03 16:30:00', 'Friday'),
(7, 7, 7, '2024-12-04 13:00:00', '2024-12-04 17:00:00', 'Saturday'),
(8, 8, 8, '2024-12-05 14:30:00', '2024-12-05 18:30:00', 'Sunday'),
(9, 9, 9, '2024-12-06 15:00:00', '2024-12-06 19:00:00', 'Monday'),
(10, 10, 10, '2024-12-07 16:30:00', '2024-12-07 20:30:00', 'Tuesday'),
(11, 1, 2, '2024-12-08 17:00:00', '2024-12-08 21:00:00', 'Wednesday'),
(12, 2, 3, '2024-12-09 18:30:00', '2024-12-09 22:30:00', 'Thursday'),
(13, 3, 4, '2024-12-10 19:00:00', '2024-12-10 23:00:00', 'Friday'),
(14, 4, 5, '2024-12-11 20:30:00', '2024-12-11 00:30:00', 'Saturday'),
(15, 5, 6, '2024-12-12 21:00:00', '2024-12-12 01:00:00', 'Sunday'),
(16, 6, 7, '2024-12-13 22:30:00', '2024-12-13 02:30:00', 'Monday'),
(17, 7, 8, '2024-12-14 23:00:00', '2024-12-14 03:00:00', 'Tuesday'),
(18, 8, 9, '2024-12-15 00:30:00', '2024-12-15 04:30:00', 'Wednesday'),
(19, 9, 10, '2024-12-16 02:00:00', '2024-12-16 06:00:00', 'Thursday'),
(20, 10, 1, '2024-12-17 03:30:00', '2024-12-17 07:30:00', 'Friday'),
(21, 1, 2, '2024-12-18 05:00:00', '2024-12-18 09:00:00', 'Saturday'),
(22, 2, 3, '2024-12-19 06:30:00', '2024-12-19 10:30:00', 'Sunday');


-- Insert passengers
Insert into passengers (passengerid, fullname, dateofbirth, contactdetails, gender) 
Values 
(1, 'Rasel Ahmed', '1990-05-15', 'rasel.ahmed@gmail.com', 'Male'),
(2, 'Sabrina Parveen', '1992-11-30', 'sabrina.parveen@hotmail.com', 'Female'),
(3, 'Md. Anwar Hossain', '1985-04-02', 'anwar.hossain@example.com', 'Male'),
(4, 'Fatima Begum', '1989-06-18', 'fatima.begum@gmail.com', 'Female'),
(5, 'Shamim Uddin', '1987-02-28', 'shamim.uddin@yahoo.com', 'Male'),
(6, 'Nadia Sultana', '1995-07-10', 'nadia.sultana@hotmail.com', 'Female'),
(7, 'Rakibul Islam', '1988-09-20', 'rakibul.islam@mail.com', 'Male'),
(8, 'Momena Khatun', '1991-01-25', 'momena.khatun@aol.com', 'Female'),
(9, 'Abdul Alim', '1980-08-14', 'abdul.alim@yahoo.com', 'Male'),
(10, 'Tasmina Akter', '1993-11-05', 'tasmina.akter@gmail.com', 'Female'),
(11, 'Salahuddin Ahmed', '1982-03-15', 'salahuddin.ahmed@gmail.com', 'Male'),
(12, 'Rokeya Sultana', '1987-10-30', 'rokeya.sultana@outlook.com', 'Female'),
(13, 'Kazi Rahman', '1994-01-20', 'kazi.rahman@hotmail.com', 'Male'),
(14, 'Nusrat Jahan', '1990-02-18', 'nusrat.jahan@mail.com', 'Female'),
(15, 'Shah Alam', '1986-09-25', 'shah.alam@yahoo.com', 'Male'),
(16, 'Sumi Akter', '1992-08-04', 'sumi.akter@aol.com', 'Female'),
(17, 'Asif Iqbal', '1984-12-12', 'asif.iqbal@mail.com', 'Male'),
(18, 'Ruma Binte Zaman', '1996-05-10', 'ruma.zaman@gmail.com', 'Female'),
(19, 'Masum Billah', '1990-03-06', 'masum.billah@example.com', 'Male'),
(20, 'Sabrina Tanjin', '1991-12-03', 'sabrina.tanjin@hotmail.com', 'Female'),
(21, 'Shahidul Islam', '1990-11-11', 'shahidul.islam@aol.com', 'Male'),
(22, 'Shaheda Begum', '1993-07-22', 'shaheda.begum@gmail.com', 'Female'),
(23, 'Jahidul Alam', '1988-04-02', 'jahidul.alam@yahoo.com', 'Male'),
(24, 'Shilpi Roy', '1992-10-29', 'shilpi.roy@mail.com', 'Female'),
(25, 'Razzak Hossain', '1985-01-10', 'razzak.hossain@gmail.com', 'Male'),
(26, 'Mim Sultana', '1994-11-14', 'mim.sultana@hotmail.com', 'Female'),
(27, 'Tareq Rahman', '1986-06-19', 'tareq.rahman@yahoo.com', 'Male'),
(28, 'Fahmida Nasrin', '1993-03-24', 'fahmida.nasrin@gmail.com', 'Female'),
(29, 'Nasiruddin Khan', '1988-07-18', 'nasiruddin.khan@mail.com', 'Male'),
(30, 'Shabnam Sultana', '1992-09-08', 'shabnam.sultana@hotmail.com', 'Female'),
(31, 'Rabiul Islam', '1989-05-11', 'rabiul.islam@example.com', 'Male'),
(32, 'Kaniz Fatima', '1990-12-02', 'kaniz.fatima@gmail.com', 'Female'),
(33, 'Sakib Al Hasan', '1984-10-23', 'sakib.ahasan@yahoo.com', 'Male'),
(34, 'Jannatul Ferdous', '1992-08-19', 'jannatul.ferdous@mail.com', 'Female'),
(35, 'Omar Faruk', '1987-02-11', 'omar.faruk@aol.com', 'Male'),
(36, 'Sabiha Khatun', '1995-09-13', 'sabiha.khatun@gmail.com', 'Female'),
(37, 'Mustafa Kamal', '1989-06-29', 'mustafa.kamal@mail.com', 'Male'),
(38, 'Rabeya Sultana', '1993-04-17', 'rabeya.sultana@yahoo.com', 'Female'),
(39, 'Mahfuzur Rahman', '1986-07-03', 'mahfuzur.rahman@gmail.com', 'Male'),
(40, 'Sima Begum', '1994-01-21', 'sima.begum@outlook.com', 'Female'),
(41, 'Imran Khan', '1987-11-04', 'imran.khan@mail.com', 'Male'),
(42, 'Shilpi Khatun', '1991-03-27', 'shilpi.khatun@example.com', 'Female'),
(43, 'Ranjit Roy', '1988-12-11', 'ranjit.roy@gmail.com', 'Male'),
(44, 'Sakina Begum', '1990-05-10', 'sakina.begum@yahoo.com', 'Female'),
(45, 'Kamrul Hasan', '1995-04-25', 'kamrul.hasan@mail.com', 'Male'),
(46, 'Sultana Jahan', '1993-09-15', 'sultana.jahan@hotmail.com', 'Female'),
(47, 'Zubair Ahmed', '1984-03-12', 'zubair.ahmed@gmail.com', 'Male'),
(48, 'Samia Sultana', '1992-02-07', 'samia.sultana@aol.com', 'Female'),
(49, 'Hossain Uddin', '1985-06-19', 'hossain.uddin@hotmail.com', 'Male'),
(50, 'Mita Rani', '1991-07-10', 'mita.rani@mail.com', 'Female'),
(51, 'Mohammad Zahir', '1994-09-23', 'zahir.mohammad@example.com', 'Male'),
(52, 'Meherun Nesa', '1990-10-02', 'meherun.nesa@gmail.com', 'Female'),
(53, 'Amit Sharma', '1992-03-22', 'amit.sharma@hotmail.com', 'Male'),
(54, 'Sharmin Akter', '1995-12-17', 'sharmin.akter@aol.com', 'Female'),
(55, 'Zubair Hossain', '1987-04-25', 'zubair.hossain@mail.com', 'Male'),
(56, 'Tania Akter', '1990-06-08', 'tania.akter@gmail.com', 'Female'),
(57, 'Sujon Ahmed', '1989-11-19', 'sujon.ahmed@mail.com', 'Male'),
(58, 'Saima Rani', '1991-12-21', 'saima.rani@hotmail.com', 'Female'),
(59, 'Sujan Uddin', '1987-02-13', 'sujan.uddin@gmail.com', 'Male'),
(60, 'Samira Khatun', '1994-05-30', 'samira.khatun@outlook.com', 'Female'),
(61, 'Mohammad Ali', '1992-08-03', 'mohammad.ali@yahoo.com', 'Male'),
(62, 'Hawa Begum', '1991-11-12', 'hawa.begum@mail.com', 'Female'),
(63, 'Rabiul Sardar', '1989-09-20', 'rabiul.sardar@gmail.com', 'Male'),
(64, 'Sumaiya Rifat', '1993-03-02', 'sumaiya.rifat@hotmail.com', 'Female'),
(65, 'Foysal Ahmed', '1990-05-11', 'foysal.ahmed@mail.com', 'Male'),
(66, 'Nusrat Jahan', '1991-12-14', 'nusrat.jahan@aol.com', 'Female'),
(67, 'Afsar Khan', '1985-10-15', 'afsarkhan1985@gmail.com', 'Male'),
(68, 'Mili Begum', '1992-02-04', 'mili.begum@yahoo.com', 'Female'),
(69, 'Bashir Ahmed', '1987-09-19', 'bashir.ahmed@mail.com', 'Male'),
(70, 'Alina Tanjin', '1995-11-30', 'alina.tanjin@gmail.com', 'Female'),
(71, 'Shahin Alam', '1993-05-26', 'shahin.alam@yahoo.com', 'Male'),
(72, 'Shahnaz Akter', '1990-04-03', 'shahnaz.akter@mail.com', 'Female'),
(73, 'Mizanur Rahman', '1992-06-12', 'mizanur.rahman@aol.com', 'Male'),
(74, 'Sabrina Nahar', '1994-07-22', 'sabrina.nahar@gmail.com', 'Female'),
(75, 'Ruhul Amin', '1988-12-07', 'ruhul.amin@yahoo.com', 'Male'),
(76, 'Nashida Begum', '1991-02-15', 'nashida.begum@aol.com', 'Female'),
(77, 'Anisur Rahman', '1989-11-25', 'anisur.rahman@gmail.com', 'Male'),
(78, 'Shamima Akter', '1990-01-30', 'shamima.akter@gmail.com', 'Female'),
(79, 'Ruhul Kader', '1984-05-20', 'ruhul.kader@outlook.com', 'Male'),
(80, 'Moly Akter', '1992-07-25', 'moly.akter@mail.com', 'Female'),
(81, 'Sujon Ahmed', '1995-04-05', 'sujon.ahmed@hotmail.com', 'Male'),
(82, 'Fariha Nahar', '1993-06-18', 'fariha.nahar@aol.com', 'Female'),
(83, 'Rohit Roy', '1988-10-16', 'rohit.roy@gmail.com', 'Male'),
(84, 'Shahrin Islam', '1991-09-02', 'shahrin.islam@mail.com', 'Female'),
(85, 'Anwarul Karim', '1995-03-22', 'anwarul.karim@outlook.com', 'Male'),
(86, 'Tanjin Akter', '1990-05-05', 'tanjin.akter@aol.com', 'Female'),
(87, 'Asif Rahman', '1992-12-30', 'asif.rahman@gmail.com', 'Male'),
(88, 'Sumiya Begum', '1993-08-29', 'sumiya.begum@hotmail.com', 'Female'),
(89, 'Tariq Uddin', '1990-09-06', 'tariq.uddin@aol.com', 'Male'),
(90, 'Nasrin Sultana', '1991-05-14', 'nasrin.sultana@gmail.com', 'Female'),
(91, 'Sadiq Ahmed', '1989-07-28', 'sadiq.ahmed@mail.com', 'Male'),
(92, 'Dilruba Akter', '1994-02-13', 'dilruba.akter@gmail.com', 'Female'),
(93, 'Munir Hossain', '1992-03-07', 'munir.hossain@outlook.com', 'Male'),
(94, 'Nazia Rahman', '1993-04-25', 'nazia.rahman@yahoo.com', 'Female'),
(95, 'Mushfiqur Rahman', '1988-11-04', 'mushfiqur.rahman@mail.com', 'Male'),
(96, 'Nayema Begum', '1995-01-17', 'nayema.begum@gmail.com', 'Female'),
(97, 'Sabbir Ahmed', '1990-10-10', 'sabbir.ahmed@aol.com', 'Male'),
(98, 'Mariam Sultana', '1991-03-08', 'mariam.sultana@hotmail.com', 'Female'),
(99, 'Sharif Uddin', '1989-12-02', 'sharif.uddin@gmail.com', 'Male'),
(100, 'Tanya Akter', '1994-01-28', 'tanya.akter@mail.com', 'Female');


-- Insert tickets
INSERT INTO tickets (ticketid, passengerid, scheduleid, tickettype, fare, paymentstatus, purchasedate) 
VALUES 
(1, 1, 1, 'First Class', 1500.50, 'Paid', '2024-11-27 09:00:00'),
(2, 2, 2, 'Economy', 700.00, 'Paid', '2024-11-26 15:30:00'),
(3, 3, 1, 'Economy', 800.00, 'Paid', '2024-11-25 11:00:00'),
(4, 4, 2, 'Business', 1200.00, 'Paid', '2024-11-24 14:30:00'),
(5, 5, 3, 'First Class', 1500.50, 'Paid', '2024-11-23 16:45:00'),
(6, 6, 4, 'Economy', 700.00, 'Paid', '2024-11-22 18:00:00'),
(7, 7, 5, 'Business', 1100.00, 'Paid', '2024-11-21 10:15:00'),
(8, 8, 6, 'First Class', 1600.00, 'Paid', '2024-11-20 09:00:00'),
(9, 9, 7, 'Economy', 750.00, 'Paid', '2024-11-19 12:30:00'),
(10, 10, 8, 'Business', 1300.00, 'Paid', '2024-11-18 13:15:00'),
(11, 11, 9, 'First Class', 1450.00, 'Paid', '2024-11-17 15:00:00'),
(12, 12, 10, 'Economy', 700.00, 'Paid', '2024-11-16 16:45:00'),
(13, 13, 1, 'Business', 1200.00, 'Paid', '2024-11-15 17:30:00'),
(14, 14, 2, 'Economy', 750.00, 'Paid', '2024-11-14 14:00:00'),
(15, 15, 3, 'First Class', 1550.00, 'Paid', '2024-11-13 10:45:00'),
(16, 16, 4, 'Business', 1250.00, 'Paid', '2024-11-12 13:30:00'),
(17, 17, 5, 'Economy', 800.00, 'Paid', '2024-11-11 12:00:00'),
(18, 18, 6, 'First Class', 1650.00, 'Paid', '2024-11-10 16:15:00'),
(19, 19, 7, 'Business', 1300.00, 'Paid', '2024-11-09 17:45:00'),
(20, 20, 8, 'Economy', 700.00, 'Paid', '2024-11-08 11:30:00'),
(21, 21, 9, 'First Class', 1500.50, 'Paid', '2024-11-07 10:00:00'),
(22, 22, 10, 'Business', 1200.00, 'Paid', '2024-11-06 13:15:00'),
(23, 23, 1, 'Economy', 750.00, 'Paid', '2024-11-05 14:45:00'),
(24, 24, 2, 'First Class', 1450.00, 'Paid', '2024-11-04 12:30:00'),
(25, 25, 3, 'Business', 1100.00, 'Paid', '2024-11-03 10:00:00'),
(26, 26, 4, 'Economy', 700.00, 'Paid', '2024-11-02 16:00:00'),
(27, 27, 5, 'First Class', 1500.00, 'Paid', '2024-11-01 14:00:00'),
(28, 28, 6, 'Business', 1300.00, 'Paid', '2024-10-31 13:45:00'),
(29, 29, 7, 'Economy', 800.00, 'Paid', '2024-10-30 12:30:00'),
(30, 30, 8, 'First Class', 1550.00, 'Paid', '2024-10-29 15:15:00'),
(31, 31, 9, 'Business', 1200.00, 'Paid', '2024-10-28 14:45:00'),
(32, 32, 10, 'Economy', 750.00, 'Paid', '2024-10-27 10:00:00'),
(33, 33, 1, 'First Class', 1600.00, 'Paid', '2024-10-26 09:30:00'),
(34, 34, 2, 'Business', 1250.00, 'Paid', '2024-10-25 13:15:00'),
(35, 35, 3, 'Economy', 700.00, 'Paid', '2024-10-24 12:00:00'),
(36, 36, 4, 'First Class', 1450.00, 'Paid', '2024-10-23 14:30:00'),
(37, 37, 5, 'Business', 1300.00, 'Paid', '2024-10-22 16:15:00'),
(38, 38, 6, 'Economy', 800.00, 'Paid', '2024-10-21 11:45:00'),
(39, 39, 7, 'First Class', 1500.50, 'Paid', '2024-10-20 15:00:00'),
(40, 40, 8, 'Business', 1200.00, 'Paid', '2024-10-19 13:00:00'),
(41, 41, 9, 'Economy', 750.00, 'Paid', '2024-10-18 12:30:00'),
(42, 42, 10, 'First Class', 1550.00, 'Paid', '2024-10-17 14:45:00'),
(43, 43, 1, 'Business', 1100.00, 'Paid', '2024-10-16 15:15:00'),
(44, 44, 2, 'Economy', 700.00, 'Paid', '2024-10-15 16:00:00'),
(45, 45, 3, 'First Class', 1500.00, 'Paid', '2024-10-14 10:30:00'),
(46, 46, 4, 'Business', 1200.00, 'Paid', '2024-10-13 12:00:00'),
(47, 47, 5, 'Economy', 750.00, 'Paid', '2024-10-12 14:15:00'),
(48, 48, 6, 'First Class', 1550.00, 'Paid', '2024-10-11 11:30:00'),
(49, 49, 7, 'Business', 1300.00, 'Paid', '2024-10-10 10:00:00'),
(50, 50, 8, 'Economy', 800.00, 'Paid', '2024-10-09 13:30:00'),
(51, 51, 9, 'First Class', 1450.00, 'Paid', '2024-10-08 16:45:00'),
(52, 52, 10, 'Business', 1200.00, 'Paid', '2024-10-07 12:00:00'),
(53, 53, 1, 'Economy', 750.00, 'Paid', '2024-10-06 14:00:00'),
(54, 54, 2, 'First Class', 1600.00, 'Paid', '2024-10-05 15:45:00'),
(55, 55, 3, 'Business', 1100.00, 'Paid', '2024-10-04 11:30:00'),
(56, 56, 4, 'Economy', 700.00, 'Paid', '2024-10-03 13:00:00'),
(57, 57, 5, 'First Class', 1500.50, 'Paid', '2024-10-02 15:00:00'),
(58, 58, 6, 'Business', 1200.00, 'Paid', '2024-10-01 14:30:00'),
(59, 59, 7, 'Economy', 800.00, 'Paid', '2024-09-30 13:15:00'),
(60, 60, 8, 'First Class', 1450.00, 'Paid', '2024-09-29 12:45:00'),
(61, 61, 9, 'Business', 1300.00, 'Paid', '2024-09-28 10:30:00'),
(62, 62, 10, 'Economy', 750.00, 'Paid', '2024-09-27 16:00:00'),
(63, 63, 1, 'First Class', 1500.00, 'Paid', '2024-09-26 14:45:00'),
(64, 64, 2, 'Business', 1200.00, 'Paid', '2024-09-25 13:00:00'),
(65, 65, 3, 'Economy', 700.00, 'Paid', '2024-09-24 15:30:00'),
(66, 66, 4, 'First Class', 1550.00, 'Paid', '2024-09-23 12:00:00'),
(67, 67, 5, 'Business', 1300.00, 'Paid', '2024-09-22 11:45:00'),
(68, 68, 6, 'Economy', 800.00, 'Paid', '2024-09-21 16:30:00'),
(69, 69, 7, 'First Class', 1450.00, 'Paid', '2024-09-20 14:15:00'),
(70, 70, 8, 'Business', 1200.00, 'Paid', '2024-09-19 13:00:00'),
(71, 71, 9, 'Economy', 750.00, 'Paid', '2024-09-18 12:30:00'),
(72, 72, 10, 'First Class', 1500.00, 'Paid', '2024-09-17 10:45:00'),
(73, 73, 1, 'Business', 1250.00, 'Paid', '2024-09-16 15:30:00'),
(74, 74, 2, 'Economy', 700.00, 'Paid', '2024-09-15 11:15:00'),
(75, 75, 3, 'First Class', 1550.50, 'Paid', '2024-09-14 14:00:00'),
(76, 76, 4, 'Business', 1300.00, 'Paid', '2024-09-13 12:00:00'),
(77, 77, 5, 'Economy', 800.00, 'Paid', '2024-09-12 13:30:00'),
(78, 78, 6, 'First Class', 1600.00, 'Paid', '2024-09-11 11:00:00'),
(79, 79, 7, 'Business', 1200.00, 'Paid', '2024-09-10 16:30:00'),
(80, 80, 8, 'Economy', 750.00, 'Paid', '2024-09-09 15:45:00'),
(81, 81, 9, 'First Class', 1450.00, 'Paid', '2024-09-08 10:30:00'),
(82, 82, 10, 'Business', 1100.00, 'Paid', '2024-09-07 16:00:00'),
(83, 83, 1, 'Economy', 700.00, 'Paid', '2024-09-06 13:30:00'),
(84, 84, 2, 'First Class', 1500.00, 'Paid', '2024-09-05 12:15:00'),
(85, 85, 3, 'Business', 1250.00, 'Paid', '2024-09-04 14:00:00'),
(86, 86, 4, 'Economy', 800.00, 'Paid', '2024-09-03 15:45:00'),
(87, 87, 5, 'First Class', 1600.00, 'Paid', '2024-09-02 11:30:00'),
(88, 88, 6, 'Business', 1200.00, 'Paid', '2024-09-01 10:00:00'),
(89, 89, 7, 'Economy', 750.00, 'Paid', '2024-08-31 13:15:00'),
(90, 90, 8, 'First Class', 1450.00, 'Paid', '2024-08-30 12:30:00'),
(91, 91, 9, 'Business', 1300.00, 'Paid', '2024-08-29 10:15:00'),
(92, 92, 10, 'Economy', 700.00, 'Paid', '2024-08-28 14:00:00'),
(93, 93, 1, 'First Class', 1500.50, 'Paid', '2024-08-27 11:45:00'),
(94, 94, 2, 'Business', 1200.00, 'Paid', '2024-08-26 16:00:00'),
(95, 95, 3, 'Economy', 800.00, 'Paid', '2024-08-25 15:30:00'),
(96, 96, 4, 'First Class', 1450.00, 'Paid', '2024-08-24 10:45:00'),
(97, 97, 5, 'Business', 1300.00, 'Paid', '2024-08-23 14:30:00'),
(98, 98, 6, 'Economy', 700.00, 'Paid', '2024-08-22 13:00:00'),
(99, 99, 7, 'First Class', 1600.00, 'Paid', '2024-08-21 12:15:00'),
(100, 100, 8, 'Business', 1200.00, 'Paid', '2024-08-20 14:00:00');


-- Insert staff
Insert into staff (staffid, fullname, role, stationid, trainid, startdate) 
Values 
	(1, 'Ali Hossain', 'Driver', 1, 1, '2022-06-10'),
	(2, 'Mehedi Hasan', 'Conductor', 2, NULL, '2020-04-15'),
	(3, 'Amina Begum', 'Maintenance Worker', 3, NULL, '2019-03-05'),
	(4, 'Faruk Mia', 'Driver', 4, 4, '2021-02-25'),
	(5, 'Shilpi Sultana', 'Ticket Clerk', 5, NULL, '2023-01-01'), 
	(6, 'Rafiqul Islam', 'Driver', 1, 2, '2021-07-15'),
	(7, 'Monira Khatun', 'Conductor', 2, NULL, '2018-08-01'),
	(8, 'Jahangir Alam', 'Maintenance Worker', 3, NULL, '2020-12-10'),
	(9, 'Shahinur Rahman', 'Driver', 4, 5, '2022-09-20'),
	(10, 'Nusrat Jahan', 'Ticket Clerk', 5, NULL, '2021-05-30'),
	(11, 'Salahuddin Ahmed', 'Driver', 1, 3, '2019-02-10'),
	(12, 'Sonia Begum', 'Conductor', 2, NULL, '2022-03-25'),
	(13, 'Abdul Kader', 'Maintenance Worker', 3, NULL, '2021-04-10'),
	(14, 'Mizanur Rahman', 'Driver', 4, 6, '2020-05-18'),
	(15, 'Zulekha Sultana', 'Ticket Clerk', 5, NULL, '2019-09-15'),
	(16, 'Safiuddin Ahmed', 'Driver', 1, 7, '2021-11-01'),
	(17, 'Kazi Rina', 'Conductor', 2, NULL, '2020-10-17'),
	(18, 'Feroze Alam', 'Maintenance Worker', 3, NULL, '2022-01-30'),
	(19, 'Farida Yasmin', 'Driver', 4, 8, '2021-06-05'),
	(20, 'Rakibul Islam', 'Ticket Clerk', 5, NULL, '2023-02-22'),
	(21, 'Abul Bashar', 'Driver', 1, 9, '2018-12-12'),
	(22, 'Ayesha Akter', 'Conductor', 2, NULL, '2021-01-20'),
	(23, 'Zainab Khatoon', 'Maintenance Worker', 3, NULL, '2020-07-25'),
	(24, 'Shamsul Haque', 'Driver', 4, 10, '2022-04-10'),
	(25, 'Tahmina Sultana', 'Ticket Clerk', 5, NULL, '2022-05-16'),
	(26, 'Gazi Mohammed', 'Driver', 1, 11, '2019-08-18'),
	(27, 'Farhana Yasmin', 'Conductor', 2, NULL, '2023-03-11'),
	(28, 'Iqbal Hossain', 'Maintenance Worker', 3, NULL, '2021-08-10'),
	(29, 'Tanveer Islam', 'Driver', 4, 12, '2020-11-01'),
	(30, 'Moureen Begum', 'Ticket Clerk', 5, NULL, '2021-07-15'),
	(31, 'Ruhul Amin', 'Driver', 1, 13, '2022-06-20'),
	(32, 'Taslima Akter', 'Conductor', 2, NULL, '2021-04-01'),
	(33, 'Mizanur Jaman', 'Maintenance Worker', 3, NULL, '2020-09-25'),
	(34, 'Khalid Arefin', 'Driver', 4, 14, '2022-02-14'),
	(35, 'Shirin Akter', 'Ticket Clerk', 5, NULL, '2023-07-05'),
	(36, 'Shakil Hossain', 'Driver', 1, 15, '2023-02-11'),
	(37, 'Shahnaz Parvin', 'Conductor', 2, NULL, '2020-06-05'),
	(38, 'Anwar Hossain', 'Maintenance Worker', 3, NULL, '2021-03-13'),
	(39, 'Mohammad Zubair', 'Driver', 4, 16, '2020-10-25'),
	(40, 'Mitha Akter', 'Ticket Clerk', 5, NULL, '2022-09-08'),
	(41, 'Rifat Hossain', 'Driver', 1, 17, '2019-05-23'),
	(42, 'Saharun Nahar', 'Conductor', 2, NULL, '2021-08-12'),
	(43, 'Abdur Rahman', 'Maintenance Worker', 3, NULL, '2022-11-06'),
	(44, 'Nargis Parvin', 'Driver', 4, 18, '2023-03-17'),
	(45, 'Rukaiya Sultana', 'Ticket Clerk', 5, NULL, '2023-06-10'),
	(46, 'Kamal Uddin', 'Driver', 1, 19, '2021-01-28'),
	(47, 'Jannatul Naim', 'Conductor', 2, NULL, '2022-04-18'),
	(48, 'Mashiur Rahman', 'Maintenance Worker', 3, NULL, '2020-12-01'),
	(49, 'Nahidul Islam', 'Driver', 4, 20, '2021-09-09'),
	(50, 'Sakina Begum', 'Ticket Clerk', 5, NULL, '2020-08-23'),
	(51, 'Md. Khurshid Alam', 'Driver', 1, 21, '2022-05-01'),
	(52, 'Tariq Hossain', 'Conductor', 2, NULL, '2019-04-14'),
	(53, 'Hasina Begum', 'Maintenance Worker', 3, NULL, '2021-07-30'),
	(54, 'Shamsul Karim', 'Driver', 4, 22, '2023-01-12'),
	(55, 'Nusrat Sharmin', 'Ticket Clerk', 5, NULL, '2021-11-25'),
	(56, 'Fahim Hossain', 'Driver', 1, 23, '2020-03-22'),
	(57, 'Rashida Begum', 'Conductor', 2, NULL, '2018-09-10'),
	(58, 'Kazi Abdullah', 'Maintenance Worker', 3, NULL, '2022-02-05'),
	(59, 'Samira Parvin', 'Driver', 4, 24, '2021-11-18'),
	(60, 'Meherun Nahar', 'Ticket Clerk', 5, NULL, '2022-10-02'),
	(61, 'Mannan Sattar', 'Driver', 1, 25, '2019-05-30'),
	(62, 'Najma Sultana', 'Conductor', 2, NULL, '2020-12-12'),
	(63, 'Md. Rezaul Karim', 'Maintenance Worker', 3, NULL, '2021-06-15'),
	(64, 'Shakirul Islam', 'Driver', 4, 26, '2022-08-20'),
	(65, 'Rifa Khatun', 'Ticket Clerk', 5, NULL, '2021-01-22'),
	(66, 'Kader Sultana', 'Driver', 1, 27, '2023-03-01'),
	(67, 'Rina Akter', 'Conductor', 2, NULL, '2020-01-18'),
	(68, 'Tarek Sadiq', 'Maintenance Worker', 3, NULL, '2021-08-14'),
	(69, 'Anwar Hossain', 'Driver', 4, 28, '2021-04-22'),
	(70, 'Zainab Nasrin', 'Ticket Clerk', 5, NULL, '2020-07-08'),
	(71, 'Nusrat Jahan', 'Driver', 1, 29, '2022-01-11'),
	(72, 'Kamaluddin Hossain', 'Conductor', 2, NULL, '2022-10-05'),
	(73, 'Chandana Begum', 'Maintenance Worker', 3, NULL, '2020-04-01'),
	(74, 'Foysal Hossain', 'Driver', 4, 30, '2023-05-18'),
	(75, 'Afreen Ahmed', 'Ticket Clerk', 5, NULL, '2022-07-19'),
	(76, 'Salah Uddin', 'Driver', 1, 31, '2021-10-10'),
	(77, 'Fatema Begum', 'Conductor', 2, NULL, '2020-11-30'),
	(78, 'Kazi Rafique', 'Maintenance Worker', 3, NULL, '2022-06-17'),
	(79, 'Shahina Akter', 'Driver', 4, 32, '2022-03-21'),
	(80, 'Mirza Shabnam', 'Ticket Clerk', 5, NULL, '2023-04-12'),
	(81, 'Nasir Uddin', 'Driver', 1, 33, '2019-01-13'),
	(82, 'Salma Sultana', 'Conductor', 2, NULL, '2021-08-08'),
	(83, 'Mohammad Hafiz', 'Maintenance Worker', 3, NULL, '2020-03-25'),
	(84, 'Sabrina Islam', 'Driver', 4, 34, '2021-09-30'),
	(85, 'Arifa Parvin', 'Ticket Clerk', 5, NULL, '2021-12-10'),
	(86, 'Abdullah Al Mamun', 'Driver', 1, 35, '2022-05-24'),
	(87, 'Mim Atiya', 'Conductor', 2, NULL, '2022-02-15'),
	(88, 'Sama Sultana', 'Maintenance Worker', 3, NULL, '2021-11-29'),
	(89, 'Nadeem Sadiq', 'Driver', 4, 36, '2023-01-25'),
	(90, 'Parveen Yasmin', 'Ticket Clerk', 5, NULL, '2023-08-01'),
	(91, 'Mushfiqur Rahman', 'Driver', 1, 37, '2020-02-10'),
	(92, 'Shafiqah Noor', 'Conductor', 2, NULL, '2023-05-04'),
	(93, 'Rabiul Islam', 'Maintenance Worker', 3, NULL, '2022-10-22'),
	(94, 'Tawhida Akter', 'Driver', 4, 38, '2022-11-14'),
	(95, 'Nusrat Jahan', 'Ticket Clerk', 5, NULL, '2021-03-08'),
	(96, 'Mohammad Zubair', 'Driver', 1, 39, '2020-07-20'),
	(97, 'Shirin Akter', 'Conductor', 2, NULL, '2021-04-05'),
	(98, 'Abdul Motaleb', 'Maintenance Worker', 3, NULL, '2023-02-10'),
	(99, 'Kazi Shanta', 'Driver', 4, 40, '2021-12-02'),
	(100, 'Sazia Akter', 'Ticket Clerk', 5, NULL, '2022-05-05');

-- Insert maintenance records
Insert into maintenancerecords (maintenanceid, trainid, maintenancetype, maintenancedate, duration, status) 
Values
(1, 1, 'Engine Overhaul', '2024-11-25', 5, 'Completed'),
(2, 2, 'Brake Check', '2024-11-20', 3, 'Pending'),
(3, 3, 'Wheel Alignment', '2024-11-18', 2, 'Completed'),
(4, 4, 'Engine Overhaul', '2024-11-10', 6, 'Completed'),
(5, 5, 'Transmission Check', '2024-11-15', 4, 'Completed'),
(6, 6, 'Electrical System Check', '2024-11-05', 3, 'Pending'),
(7, 7, 'Brake Check', '2024-10-30', 2, 'Completed'),
(8, 8, 'Suspension Check', '2024-10-25', 5, 'Completed'),
(9, 9, 'Oil Change', '2024-10-18', 1, 'Pending'),
(10, 10, 'Air Conditioning System Check', '2024-10-13', 4, 'Completed'),
(11, 1, 'Battery Check', '2024-09-29', 2, 'Pending'),
(12, 2, 'Gearbox Inspection', '2024-09-22', 3, 'Completed'),
(13, 3, 'Safety Equipment Test', '2024-09-10', 5, 'Completed'),
(14, 4, 'Exhaust System Check', '2024-08-30', 3, 'Pending'),
(15, 5, 'HVAC System Check', '2024-08-15', 4, 'Completed'),
(16, 6, 'Hydraulic System Inspection', '2024-08-05', 2, 'Completed'),
(17, 7, 'Wheel Bearing Replacement', '2024-07-29', 6, 'Pending'),
(18, 8, 'Fuel System Inspection', '2024-07-20', 3, 'Completed'),
(19, 9, 'Tire Pressure Check', '2024-07-15', 1, 'Completed'),
(20, 10, 'Engine Overhaul', '2024-07-10', 5, 'Pending'),
(21, 1, 'Brake System Check', '2024-06-30', 4, 'Completed'),
(22, 2, 'Transmission Fluid Check', '2024-06-20', 2, 'Pending');


-- Insert operations
Insert into operations (operationid, trainid, operationdate, departurestationid, arrivalstationid, status) 
Values
(1, 1, '2024-11-28 08:00:00', 1, 2, 'On Time'),
(2, 2, '2024-11-29 14:00:00', 2, 1, 'Delayed'),
(3, 3, '2024-11-30 09:00:00', 3, 4, 'On Time'),
(4, 4, '2024-12-01 10:30:00', 4, 5, 'On Time'),
(5, 5, '2024-12-02 11:15:00', 5, 6, 'Delayed'),
(6, 6, '2024-12-03 15:00:00', 6, 7, 'On Time'),
(7, 7, '2024-12-04 07:45:00', 7, 8, 'On Time'),
(8, 8, '2024-12-05 13:00:00', 8, 9, 'Delayed'),
(9, 9, '2024-12-06 14:30:00', 9, 10, 'On Time'),
(10, 10, '2024-12-07 16:00:00', 10, 1, 'On Time'),
(11, 1, '2024-12-08 08:30:00', 1, 3, 'Delayed'),
(12, 2, '2024-12-09 09:00:00', 2, 4, 'On Time'),
(13, 3, '2024-12-10 10:15:00', 3, 5, 'On Time'),
(14, 4, '2024-12-11 11:00:00', 4, 6, 'On Time'),
(15, 5, '2024-12-12 14:30:00', 5, 7, 'Delayed'),
(16, 6, '2024-12-13 12:00:00', 6, 8, 'On Time'),
(17, 7, '2024-12-14 13:45:00', 7, 9, 'Delayed'),
(18, 8, '2024-12-15 15:30:00', 8, 10, 'On Time'),
(19, 9, '2024-12-16 16:30:00', 9, 1, 'On Time'),
(20, 10, '2024-12-17 17:00:00', 10, 2, 'Delayed');
